{
    "电费": "水电费",
    "水费": "水电费",
    "燃气": "水电费",
    "中石化": "差旅费-加油",
    "中石油": "差旅费-加油",
    "加油": "差旅费-加油",
    "滴滴": "差旅费-交通",
    "打车": "差旅费-交通",
    "铁路": "差旅费-交通",
    "航空": "差旅费-交通",
    "机票": "差旅费-交通",
    "高铁": "差旅费-交通",
    "餐饮": "业务招待费",
    "用餐": "业务招待费",
    "饭店": "业务招待费",
    "酒店": "差旅费-住宿",
    "住宿": "差旅费-住宿",
    "宾馆": "差旅费-住宿",
    "工资": "工资薪金",
    "薪资": "工资薪金",
    "代发薪": "工资薪金",
    "社保": "社保公积金",
    "公积金": "社保公积金",
    "税": "税费",
    "税款": "税费",
    "利息": "财务费用-利息",
    "手续费": "财务费用-手续费",
    "工本费": "财务费用-手续费",
    "租金": "房租",
    "房租": "房租",
    "物业": "物业费",
    "推广": "市场推广费",
    "广告": "市场推广费",
    "营销": "市场推广费",
    "流量": "市场推广费",
    "阿里云": "技术服务费",
    "腾讯云": "技术服务费",
    "华为云": "技术服务费",
    "AWS": "技术服务费",
    "采购": "原材料采购",
    "货款": "原材料采购",
    "美团": "福利费-餐费",
    "饿了么": "福利费-餐费",
    "京东": "办公用品",
    "淘宝": "办公用品",
    "天猫": "办公用品",
    "顺丰": "快递费",
    "邮政": "快递费",
    "中通": "快递费",
    "圆通": "快递费",
    "韵达": "快递费",
    "装修": "长期待摊费用",
    "维修": "维修费",
    "保险": "保险费",
    "咨询": "咨询服务费",
    "审计": "咨询服务费",
    "律师": "咨询服务费",
    "微信提现": "现金互转",
    "备用金": "备用金",
    "报销": "员工报销"
}